direct_link,download_link_film,film_name
https://we.akoam.net/download/9727864bdacd/Night-Hunter-2019-1080p-HDRip-akoam-net-mkv,http://go.akoam.net/5d4dd572193ca,فيلم Night Hunter 2018 مترجم
https://we.akoam.net/download/a34e26e6c8e7/Gwen-2019-1080p-WEB-DL-akoam-net-mkv,http://go.akoam.net/5d4d85c1be98f,فيلم Gwen 2018 مترجم
https://we.akoam.net/download/212fa71d6eb7/Light-of-My-Life-2019-1080p-WEB-DL-akoam-net-mkv,http://go.akoam.net/5d4d7d8e10499,فيلم Light Of My Life 2019 مترجم
https://we.akoam.net/download/e8716262ab62/Rapid-Eye-Movement-2019-1080p-WEB-DL-akoam-net-mkv,http://go.akoam.net/5d4d70a995013,فيلم Rapid Eye Movement 2019 مترجم
https://we.akoam.net/download/67084f9ba3aa/Nekrotronic-2018-1080p-WEB-DL-akoam-net-mkv,http://go.akoam.net/5d4d5105aa983,فيلم Nekrotronic 2018 مترجم
https://we.akoam.net/download/8dd4d569a3ee/Red-Joan-2018-720p-BluRay-akoam-net-mkv,http://go.akoam.net/5d4d33ba25ae2,فيلم Red Joan 2018 مترجم
https://we.akoam.net/download/6e09c22fbecf/Outlaw-King-2018-1080p-WEB-DL-akoam-net-mkv,http://go.akoam.net/5d4c5aedd0082,فيلم Outlaw King 2018 مترجم
https://we.akoam.net/download/27dba59bb2ae/The-Messenger-2019-720P-Bluray-akoam-net-mkv,http://go.akoam.net/5d4c437daf948,فيلم The Messenger 2019 مترجم
https://we.akoam.net/download/2c66dc8ee3b4/The-Hills-Have-Eyes-II-2007-720p-BluRay-akoam-net-mkv,http://go.akoam.net/5d4c0d95ac061,فيلم The Hills Have Eyes II 2007 مترجم
https://we.akoam.net/download/7823416befed/The-Hills-Have-Eyes-2006-720p-BluRay-akoam-net-mkv,http://go.akoam.net/5d4c0c696e544,فيلم The Hills Have Eyes 2006 مترجم
https://we.akoam.net/download/cc56b716ddcd/One-Remains-2019-1080p-WEB-DL-akoam-net-mkv,http://go.akoam.net/5d4b04bdc3d97,فيلم One Remains 2019 مترجم
https://we.akoam.net/download/2019647ecc30/Belong-To-Us-2018-1080p-WEB-DL-akoam-net-mkv,http://go.akoam.net/5d4ad83630e20,فيلم Belong To Us 2018 مترجم
https://we.akoam.net/download/0c8c7b3f1892/Cleavers-Killer-Clowns-2019-1080p-WEB-DL-akoam-net-mkv,http://go.akoam.net/5d4ab05dc89a2,فيلم Cleavers: Killer Clowns 2019 مترجم
https://we.akoam.net/download/4f1354ad7204/Defiant-2019-1080p-WEB-DL-akoam-net-mkv,http://go.akoam.net/5d4aaf32e95c8,فيلم Defiant 2019 مترجم
https://we.akoam.net/download/148be15d5171/3-Lives-2019-1080p-WEB-DL-akoam-net-mkv,http://go.akoam.net/5d4aacd9863b8,فيلم 3Lives 2019 مترجم
https://we.akoam.net/download/31ba8bbb05c3/Aladdin-2019-1080p-HDRip-akoam-net-mkv,http://go.akoam.net/5d49de9982391,فيلم Aladdin 2019 مترجم
https://we.akoam.net/download/799d8231f348/Aladdin-2019-akoam-net-mkv,http://go.akoam.net/5d49c279dd960,فيلم Aladdin 2019 مترجم
https://we.akoam.net/download/043cb445fb40/Pentagram-2019-1080p-WEB-DL-akoam-net-mkv,http://go.akoam.net/5d4a1de15493c,فيلم Pentagram 2019 مترجم
https://we.akoam.net/download/026ffe424ee3/A-Dogs-Journey-2019-1080p-WEB-DL-akoam-net-mkv,http://go.akoam.net/5d4a1229c892f,فيلم A Dog’s Journey 2019 مترجم
https://we.akoam.net/download/5fc47b3cb0b9/D-Railed-2018-1080p-WEB-DL-akoam-net-mkv,http://go.akoam.net/5d49eb7dc6045,فيلم D-Railed 2018 مترجم
https://we.akoam.net/download/506f0f11887f/The-Iron-Orchard-2019-1080p-WEB-DL-akoam-net-mkv,http://go.akoam.net/5d49c14ded6f8,فيلم The Iron Orchard 2018 مترجم
https://we.akoam.net/download/e4b27d10b745/Doe-2018-1080p-WEB-DL-akoam-net-mkv,http://go.akoam.net/5d4987e522713,فيلم Doe 2018 مترجم
https://we.akoam.net/download/5313fc84b9de/The-Hustle-2019-1080p-WEB-DL-akoam-net-mkv,http://go.akoam.net/5d4986b58a5fe,فيلم The Hustle 2019 مترجم
https://we.akoam.net/download/551949ff5a0d/The-Sun-Is-Also-a-Star-2019-1080p-WEB-DL-akoam-net-mkv,http://go.akoam.net/5d4985899d3e6,فيلم The Sun Is Also A Star 2019 مترجم
https://we.akoam.net/download/6f98a01eea5d/Rocketman-2019-1080p-WEB-DL-akoam-net-mkv,http://go.akoam.net/5d498331b9f52,فيلم Rocketman 2019 مترجم
https://we.akoam.net/download/4daa9c4ceb2e/Xenophobia-2019-1080p-WEB-DL-akoam-net-mkv,http://go.akoam.net/5d49820598db5,فيلم Xenophobia 2019 مترجم
https://we.akoam.net/download/49a6fdc411cf/Brightburn-2019-1080p-WEB-DL-akoam-net-mkv,http://go.akoam.net/5d48b16db0319,فيلم Brightburn 2019 مترجم
https://we.akoam.net/download/3e3dafd552de/The-Swan-Princess-Kingdom-of-Music-2019-1080p-WEB-DL-akoam-net-mkv,http://go.akoam.net/5d48af15901c8,فيلم The Swan Princess Kingdom Of Music 2019 مترجم
https://we.akoam.net/download/693c10b4efb0/Finding-Steve-McQueen-2019-720p-BluRay-akoam-net-mkv,http://go.akoam.net/5d48acbd9ebf6,فيلم Finding Steve McQueen 2019 مترجم
https://we.akoam.net/download/d431ffd155f4/Unplanned-2019-720p-Bluray-akoam-net-mkv,http://go.akoam.net/5d47dd51954ed,فيلم Unplanned 2019 مترجم
https://we.akoam.net/download/610df57230cc/Luce-2019-720p-HDCAM-akoam-net-mkv,http://go.akoam.net/5d463e79f0b39,فيلم Luce 2019 مترجم HDCAM
https://we.akoam.net/download/ef7c69bd3d78/Tolkien-2019-720p-Bluray-akoam-net-mkv,http://go.akoam.net/5d445e074be8d,فيلم Tolkien 2019 مترجم
https://we.akoam.net/download/72f2364a3e6a/Crystals-Shadow-2019-1080p-WEB-DL-akoam-net-mkv,http://go.akoam.net/5d4456fcdaf2d,فيلم Crystal’s Shadow 2019 مترجم
https://we.akoam.net/download/f851a5944ff2/The-Operative-2019-1080p-WEB-DL-akoam-net-mkv,http://go.akoam.net/5d443d315f989,فيلم The Operative 2019 مترجم
https://we.akoam.net/download/eed1911029d5/Airplane-Mode-2019-1080p-WEB-DL-akoam-net-mkv,http://go.akoam.net/5d44362986552,فيلم Airplane Mode 2019 مترجم
https://we.akoam.net/download/84eeb7b9b43e/A-Score-to-Settle-2019-1080p-WEB-DL-akoam-net-mkv,http://go.akoam.net/5d4432a60115a,فيلم A Score To Settle 2019 مترجم
https://we.akoam.net/download/10dffd6f3ea7/Coyote-Lake-2019-1080p-WEB-DL-akoam-net-mkv,http://go.akoam.net/5d44304e0a2e9,فيلم Coyote Lake 2019 مترجم
https://we.akoam.net/download/5533b4f71169/Otherhood-2019-1080p-WEB-DL-akoam-net-mkv,http://go.akoam.net/5d442df59f03c,فيلم Otherhood 2019 مترجم
https://we.akoam.net/download/11ca07a57b2d/Hobbs-and-Shaw-2019-720p-HDCAM-akoam-net-mkv,http://go.akoam.net/5d41e8be80e4b,فيلم Fast & Furious Presents: Hobbs & Shaw 2019 مترجم HDCAM
https://we.akoam.net/download/9a6e1166556c/Cry-Havoc-2017-HD720P-akoam-net-mkv,http://go.akoam.net/5d41e5377a1a2,فيلم Cry Havoc 2019 مترجم
https://we.akoam.net/download/44fa2398f884/The-Ridiculous-6-2015-720p-WEBRip-akoam-net-mkv,http://go.akoam.net/5d41e1afd58ce,فيلم The Ridiculous 6 2015 مترجم
