film_details,film_image,film_link,film_name
فيلم الاكشن و الاثارة Night Hunter 2018 مترجم بجودة 1080P HDRIP,https://img.akoam.net/files/thumbs/1565378126.jpg,https://we.akoam.net/167080/فيلم-Night-Hunter-2018-مترجم,فيلم Night Hunter 2018 مترجم
فيلم الرعب و الدراما التاريخي Gwen 2018 مترجم بجودة 1080P WEB-DL,https://img.akoam.net/files/thumbs/1565360211.jpg,https://we.akoam.net/167051/فيلم-Gwen-2018-مترجم,فيلم Gwen 2018 مترجم
فيلم الدراما Light Of My Life 2019 مترجم بجودة 1080P WEB-DL,https://img.akoam.net/files/thumbs/1565357269.jpg,https://we.akoam.net/167039/فيلم-Light-Of-My-Life-2019-مترجم,فيلم Light Of My Life 2019 مترجم
فيلم الاثارة Rapid Eye Movement 2019 مترجم بجودة 1080P WEB-DL,https://img.akoam.net/files/thumbs/1565352053.jpg,https://we.akoam.net/167035/فيلم-Rapid-Eye-Movement-2019-مترجم,فيلم Rapid Eye Movement 2019 مترجم
فيلم الرعب و الخيال العلمي Nekrotronic 2018 مترجم بجودة 1080P WEB-DL,https://img.akoam.net/files/thumbs/1565340859.jpg,https://we.akoam.net/167014/فيلم-Nekrotronic-2018-مترجم,فيلم Nekrotronic 2018 مترجم
النسخة البلوراي لفيلم السيرة و الدراما و الرومانسية Red Joan 2018 مترجم بجودة 720P Bluray,https://img.akoam.net/files/thumbs/1565307314.jpg,https://we.akoam.net/166992/فيلم-Red-Joan-2018-مترجم,فيلم Red Joan 2018 مترجم
فيلم الاكشن و السيرة و الدراما Outlaw King 2018 مترجم بجودة 1080p WEB-DL,https://img.akoam.net/files/thumbs/1541762339.jpg,https://we.akoam.net/138359/فيلم-Outlaw-King-2018-مترجم,فيلم Outlaw King 2018 مترجم
النسخة البلوراي لفيلم الاكشن و الدراما التاريخي The Messenger 2019 مترجم بجودة 720P Bluray,https://img.akoam.net/files/thumbs/1565277633.jpg,https://we.akoam.net/166955/فيلم-The-Messenger-2019-مترجم,فيلم The Messenger 2019 مترجم
فيلم الرعب و الاثارة The Hills Have Eyes II 2007 مترجم بجودة 720P Bluray,https://img.akoam.net/files/thumbs/1454540062.jpg,https://we.akoam.net/56869/فيلم-The-Hills-Have-Eyes-II-2007-مترجم,فيلم The Hills Have Eyes II 2007 مترجم
فيلم الرعب و الاثارة The Hills Have Eyes 2006 مترجم بجودة 720P Bluray,https://img.akoam.net/files/thumbs/1454540251.jpg,https://we.akoam.net/56870/فيلم-The-Hills-Have-Eyes-2006-مترجم,فيلم The Hills Have Eyes 2006 مترجم
فيلم الرعب One Remains 2019 مترجم بجودة 1080P WEB-DL,https://img.akoam.net/files/thumbs/1565195971.jpg,https://we.akoam.net/166863/فيلم-One-Remains-2019-مترجم,فيلم One Remains 2019 مترجم
فيلم الدراما العائلي Belong To Us 2018 مترجم بجودة 1080P WEB-DL,https://img.akoam.net/files/thumbs/1565183602.jpg,https://we.akoam.net/166845/فيلم-Belong-To-Us-2018-مترجم,فيلم Belong To Us 2018 مترجم
فيلم الرعب Cleavers: Killer Clowns 2019 مترجم بجودة 1080P WEB-DL,https://img.akoam.net/files/thumbs/1565173572.jpg,https://we.akoam.net/166839/فيلم-Cleavers-Killer-Clowns-2019-مترجم,فيلم Cleavers: Killer Clowns 2019 مترجم
فيلم الدراما Defiant 2019 مترجم بجودة 1080P WEB-DL,https://img.akoam.net/files/thumbs/1565173180.jpg,https://we.akoam.net/166838/فيلم-Defiant-2019-مترجم,فيلم Defiant 2019 مترجم
فيلم الاثارة 3Lives 2019 مترجم بجودة 1080P WEB-DL,https://img.akoam.net/files/thumbs/1565172809.jpg,https://we.akoam.net/166837/فيلم-3Lives-2019-مترجم,فيلم 3Lives 2019 مترجم
فيلم المغامرات و الكوميديا العائلي علاء الدين Aladdin 2019 مترجم بجودة 1080P HDRIP,https://img.akoam.net/files/thumbs/1565111785.jpg,https://we.akoam.net/166788/فيلم-Aladdin-2019-مترجم,فيلم Aladdin 2019 مترجم
فيلم الرعب Pentagram 2019 مترجم بجودة 1080P WEB-DL,https://img.akoam.net/files/thumbs/1565133525.jpg,https://we.akoam.net/166818/فيلم-Pentagram-2019-مترجم,فيلم Pentagram 2019 مترجم
فيلم المغامرات و الكوميديا و الدراما A Dog’s Journey 2019 مترجم بجودة 1080P WEB-DL,https://img.akoam.net/files/thumbs/1565133207.jpg,https://we.akoam.net/166817/فيلم-A-Dog’s-Journey-2019-مترجم,فيلم A Dog’s Journey 2019 مترجم
فيلم الاثارة D-Railed 2018 مترجم بجودة 1080P WEB-DL,https://img.akoam.net/files/thumbs/1565115686.jpg,https://we.akoam.net/166797/فيلم-D-Railed-2018-مترجم,فيلم D-Railed 2018 مترجم
فيلم الرومانسية و الدراما التاريخي The Iron Orchard 2018 مترجم بجودة 1080p WEB-DL,https://img.akoam.net/files/thumbs/1565111633.jpg,https://we.akoam.net/166786/فيلم-The-Iron-Orchard-2018-مترجم,فيلم The Iron Orchard 2018 مترجم
فيلم الاثارة Doe 2018 مترجم بجودة 1080P WEB-DL,https://img.akoam.net/files/thumbs/1565096911.jpg,https://we.akoam.net/166778/فيلم-Doe-2018-مترجم,فيلم Doe 2018 مترجم
فيلم الجريمة و الكوميديا The Hustle 2019 مترجم بجودة 1080P WEB-DL,https://img.akoam.net/files/thumbs/1565097626.jpg,https://we.akoam.net/166781/فيلم-The-Hustle-2019-مترجم,فيلم The Hustle 2019 مترجم
فيلم الرومانسية و الدراما The Sun Is Also A Star 2019 مترجم بجودة 1080P WEB-DL,https://img.akoam.net/files/thumbs/1565097387.jpg,https://we.akoam.net/166780/فيلم-The-Sun-Is-Also-A-Star-2019-مترجم,فيلم The Sun Is Also A Star 2019 مترجم
فيلم السيرة و الدراما و الموسيقي Rocketman 2019 مترجم بجودة 1080p WEB-DL,https://img.akoam.net/files/thumbs/1562312301.jpg,https://we.akoam.net/163859/فيلم-Rocketman-2019-مترجم,فيلم Rocketman 2019 مترجم
فيلم الخيال العلمي Xenophobia 2019 مترجم بجودة 1080P WEB-DL,https://img.akoam.net/files/thumbs/1565097113.jpg,https://we.akoam.net/166779/فيلم-Xenophobia-2019-مترجم,فيلم Xenophobia 2019 مترجم
فيلم الرعب و الخيال العلمي Brightburn 2019 مترجم بجودة 1080P WEB-DL,https://img.akoam.net/files/thumbs/1561099519.jpg,https://we.akoam.net/162263/فيلم-Brightburn-2019-مترجم,فيلم Brightburn 2019 مترجم
فيلم الانيميشن و الفانتازيا The Swan Princess Kingdom Of Music 2019 مترجم بجودة 1080P WEB-DL,https://img.akoam.net/files/thumbs/1565037799.jpg,https://we.akoam.net/166738/فيلم-The-Swan-Princess-Kingdom-Of-Music-2019-مترجم,فيلم The Swan Princess Kingdom Of Music 2019 مترجم
النسخة البلوراي لفيلم الجريمة و الرومانسية Finding Steve McQueen 2019 مترجم بجودة 720P Bluray,https://img.akoam.net/files/thumbs/1565038075.jpg,https://we.akoam.net/166739/فيلم-Finding-Steve-McQueen-2019-مترجم,فيلم Finding Steve McQueen 2019 مترجم
النسخة البلوراي لفيلم السيرة و الدراما Unplanned 2019 مترجم بجودة 720P Bluray,https://img.akoam.net/files/thumbs/1564957261.jpg,https://we.akoam.net/166650/فيلم-Unplanned-2019-مترجم,فيلم Unplanned 2019 مترجم
فيلم الدراما Luce 2019 مترجم بجودة 720P HDCAM,https://img.akoam.net/files/thumbs/1564881183.jpg,https://we.akoam.net/166599/فيلم-Luce-2019-مترجم-HDCAM,فيلم Luce 2019 مترجم HDCAM
النسخة البلوراي لفيلم السيرة و الدراما و الحروب Tolkien 2019 مترجم بجودة 720P Bluray,https://img.akoam.net/files/thumbs/1564760928.jpg,https://we.akoam.net/166486/فيلم-Tolkien-2019-مترجم,فيلم Tolkien 2019 مترجم
فيلم الخيال العلمي Crystal’s Shadow 2019 مترجم بجودة 1080p WEB-DL,https://img.akoam.net/files/thumbs/1564758938.jpg,https://we.akoam.net/166472/فيلم-Crystal’s-Shadow-2019-مترجم,فيلم Crystal’s Shadow 2019 مترجم
فيلم الاثارة The Operative 2019 مترجم بجودة 1080P WEB-DL,https://img.akoam.net/files/thumbs/1564752261.jpg,https://we.akoam.net/166453/فيلم-The-Operative-2019-مترجم,فيلم The Operative 2019 مترجم
فيلم الكوميديا Airplane Mode 2019 مترجم بجودة 1080P WEB-DL,https://img.akoam.net/files/thumbs/1564750861.jpeg,https://we.akoam.net/166452/فيلم-Airplane-Mode-2019-مترجم,فيلم Airplane Mode 2019 مترجم
فيلم الاكشن و الاثارة A Score To Settle 2019 مترجم بجودة 1080P WEB-DL,https://img.akoam.net/files/thumbs/1564738474.jpg,https://we.akoam.net/166445/فيلم-A-Score-To-Settle-2019-مترجم,فيلم A Score To Settle 2019 مترجم
فيلم الاثارة Coyote Lake 2019 مترجم بجودة 1080P WEB-DL,https://img.akoam.net/files/thumbs/1564738088.jpg,https://we.akoam.net/166443/فيلم-Coyote-Lake-2019-مترجم,فيلم Coyote Lake 2019 مترجم
فيلم الكوميديا Otherhood 2019 مترجم بجودة 1080P WEB-DL,https://img.akoam.net/files/thumbs/1564738266.jpg,https://we.akoam.net/166444/فيلم-Otherhood-2019-مترجم,فيلم Otherhood 2019 مترجم
فيلم الاكشن و المغامرات Fast & Furious Presents: Hobbs & Shaw 2019 مترجم بجودة 720P HDCAM,https://img.akoam.net/files/thumbs/1564599870.jpg,https://we.akoam.net/166336/فيلم-Fast-amp-Furious-Presents-Hobbs-amp-Shaw-2019-مترجم-HDCAM,فيلم Fast & Furious Presents: Hobbs & Shaw 2019 مترجم HDCAM
فيلم الرعب Cry Havoc 2019 مترجم بجودة 720P HD,https://img.akoam.net/files/thumbs/1564599348.jpg,https://we.akoam.net/166335/فيلم-Cry-Havoc-2019-مترجم,فيلم Cry Havoc 2019 مترجم
فيلم الكوميديا الغربي The Ridiculous 6 2015 مترجم بجودة 720P WEBRIP,https://img.akoam.net/files/thumbs/1564598418.jpg,https://we.akoam.net/166334/فيلم-The-Ridiculous-6-2015-مترجم,فيلم The Ridiculous 6 2015 مترجم
